{"cameraMode":{"drawMode":0,"name":"Shaded","section":"Shading Mode"},"sceneLighting":true,"audioPlay":false,"sceneViewState":{"m_AlwaysRefresh":false,"showFog":true,"showSkybox":true,"showFlares":true,"showImageEffects":true,"showParticleSystems":true,"showVisualEffectGraphs":true,"m_FxEnabled":true},"in2DMode":false,"pivot":{"x":-0.23347270488739015,"y":4.009133815765381,"z":1.0701229572296143},"rotation":{"x":-0.007638887967914343,"y":0.9741547703742981,"z":-0.2232775241136551,"w":-0.033328231424093249},"size":7.283891677856445,"orthographic":false}